,latitude,longitude,zipcode,time_to_CBD,distance_to_CBD
0,41.917352389166034,-87.7078568412659,60647,1133,13315
1,41.920201028178475,-87.71286179909963,60647,1248,11929
2,41.92189270529143,-87.6888612873697,60647,854,9635
3,41.918514617277594,-87.70836771746325,60647,1136,13228
4,41.93140732239495,-87.6810511893963,60647,941,9767
5,41.92245067384369,-87.68306696432651,60647,791,8876
6,41.92649359997211,-87.71679011384968,60647,1133,13029
7,41.91796952479444,-87.71772545843514,60647,1318,14448
8,41.91793161297,-87.72207947212048,60647,1347,14586
9,41.9228996947593,-87.71380095152075,60647,1153,11573
10,41.92721885775222,-87.7167342631171,60647,1146,12491
11,41.91987875111932,-87.69347335734311,60647,1041,9640
12,41.930000957800566,-87.72535242411688,60647,1211,12855
13,41.918091128063026,-87.7412342058622,60639,1575,15731
14,41.925989482833096,-87.7595827867044,60639,1757,18594
15,41.913945685764354,-87.75970650695133,60639,1536,16187
16,41.91422602122328,-87.77076543031043,60639,1561,17982
17,41.92669290135128,-87.77498481759874,60639,1683,18974
18,41.92559921852676,-87.76999627383933,60639,1698,18383
19,41.91098658772957,-87.76227802350887,60639,1467,16718
20,41.929454348343505,-87.75818840072816,60639,1548,18960
21,41.92330856093325,-87.74056836113998,60639,1478,13661
22,41.92714293671715,-87.72722323551399,60639,1281,13283
23,41.91461079663688,-87.75802513347621,60639,1524,16143
24,41.920803719046525,-87.72962632665974,60639,1409,13089
25,41.91543086999067,-87.79621155189412,60707,1652,20889
26,41.91918553312735,-87.78639362233825,60707,1650,18976
27,41.916122855103126,-87.79324081343822,60707,1678,21066
28,41.91883411765789,-87.79808687382629,60707,1664,20899
29,41.91274854274571,-87.80019741233835,60707,1530,20040
30,41.92507750480538,-87.79170947307408,60707,1811,20013
31,41.92642132570576,-87.79239192532245,60707,1785,20204
32,41.92424269612128,-87.79764395433732,60707,1735,21639
33,41.917077713913294,-87.79747043889473,60707,1653,20776
34,41.928022128006944,-87.8058158486859,60707,1712,21347
35,41.9206905265204,-87.79075349417683,60707,1888,20410
36,41.92507793326322,-87.80327641963613,60707,1690,21247
37,41.91123503101931,-87.67227698301969,60622,764,7288
38,41.8898653102156,-87.67334756011672,60622,758,6506
39,41.90459737494314,-87.69624761643679,60622,1059,9263
40,41.897110206547005,-87.68138352491604,60622,852,7284
41,41.889422683968526,-87.66766520793807,60622,787,5514
42,41.9019441218701,-87.67693248398054,60622,771,6925
43,41.89614247034143,-87.68939545713606,60622,871,7951
44,41.91547840296903,-87.66825210921158,60622,596,7203
45,41.89867320405857,-87.7271611958893,60651,1098,11613
46,41.897321973652254,-87.77165308101904,60651,1282,15960
47,41.9046399259741,-87.71226652369639,60651,1259,11664
48,41.903130284015276,-87.75836959247906,60651,1352,14893
49,41.90819402602815,-87.77344955724931,60651,1435,17304
50,41.90681863663491,-87.72660493016849,60651,1292,12343
51,41.9041719435814,-87.74026146497546,60651,1310,13238
52,41.90437968899365,-87.71233372699149,60651,1274,11745
53,41.907761867836136,-87.74911134795522,60651,1342,14484
54,41.90286782229077,-87.73646152703124,60651,1239,12734
55,41.906689938021195,-87.77147163561727,60651,1422,17217
56,41.903043617827166,-87.76663274758577,60651,1408,16224
57,41.90748122743524,-87.7355733956069,60651,1341,13299
58,41.889237323625565,-87.62673251872863,60611,435,1344
59,41.88925743599047,-87.61686691221955,60611,486,3019
60,41.88877146697261,-87.6119513436001,60611,544,3426
61,41.89487301988199,-87.61558792366836,60611,383,3058
62,41.7827876658553,-87.74463768080916,60638,1361,18196
63,41.79612352528976,-87.76442954361691,60638,1208,17834
64,41.78120288676984,-87.76932164337168,60638,1424,19837
65,41.78161482673184,-87.75441718763805,60638,1553,20747
66,41.788660365779506,-87.76381472554222,60638,1294,18579
67,41.785337466224654,-87.74939786972183,60638,1553,20747
68,41.79091024967612,-87.77982860846757,60638,1383,19376
69,41.781347217887145,-87.75981842038426,60638,1292,19235
70,41.77857570568866,-87.75281701563948,60638,1417,20356
71,41.74171848539165,-87.69529624826195,60652,1749,23625
72,41.756612363888074,-87.73449456206042,60652,1830,21556
73,41.737700227467904,-87.68878576396433,60652,1735,23964
74,41.74018412644231,-87.71952028585956,60652,1999,21841
75,41.75493606551047,-87.7209411134425,60652,1770,20131
76,41.74237461629956,-87.73451316334034,60652,1936,23148
77,41.75421423209357,-87.70126875655536,60652,1819,22207
78,41.735097730597204,-87.73689444498163,60652,2003,23730
79,41.74667369948405,-87.6938453186856,60652,1828,22646
80,41.73509173665733,-87.71215316364749,60652,1977,26417
81,41.74131802456691,-87.69284598237438,60652,1720,23502
82,41.74294017830896,-87.71337859849747,60652,1934,23595
83,41.73525763072045,-87.70304913138025,60652,1988,26298
84,42.01839830838776,-87.67519863290772,60626,1753,19150
85,42.01401857983327,-87.66620843099619,60626,1523,17836
86,42.01229225997196,-87.66561364101662,60626,1526,17659
87,42.00785560303503,-87.66302850980836,60626,1436,17092
88,42.00855458917161,-87.6693132278745,60626,1568,17664
89,42.008706087883915,-87.67404657470716,60626,1579,17658
90,42.016943027872635,-87.67664136464606,60626,1760,18879
91,42.01847416115829,-87.6785954393312,60626,1774,18958
92,42.019811388395176,-87.66839755575359,60626,1611,18533
93,42.02181149897386,-87.67166367361864,60626,1715,18998
94,41.80381229452033,-87.59171271026113,60615,964,10926
95,41.80576889597371,-87.60854722807494,60615,1006,10128
96,41.807762436835546,-87.62123290380265,60615,812,10899
97,41.803723906012316,-87.59002216936992,60615,892,10495
98,41.80591830813679,-87.59615483008157,60615,896,10407
99,41.79696538300236,-87.62317393697295,60615,926,12464
100,41.80632163662266,-87.61376052680234,60615,979,11680
101,41.779565331382145,-87.64406920606835,60621,990,14394
102,41.771212623078206,-87.63044282197487,60621,980,14302
103,41.774150941444994,-87.653593077494,60621,1206,16208
104,41.76876307514805,-87.63085320433755,60621,982,14571
105,41.765404249971624,-87.64341280874422,60621,1114,16529
106,41.79378306632976,-87.62594159149246,60621,920,12711
107,41.76463530646717,-87.63239965974536,60621,1062,15857
108,41.78075139958823,-87.63980439602892,60621,983,14144
109,41.772745340049475,-87.63013327037116,60621,912,14064
110,41.779345726427366,-87.6411248339654,60621,979,14215
111,41.789432843607116,-87.63465127938554,60621,933,12539
112,41.773052839686116,-87.64492415249214,60621,1105,15323
113,41.761030190187874,-87.64014054044183,60621,1099,17345
114,42.00213889019747,-87.68769331287093,60645,1687,18819
115,42.003426385812254,-87.69562322435716,60645,1733,19060
116,42.01834218172745,-87.68455839732765,60645,1671,19035
117,42.01480825871528,-87.6864750968539,60645,1703,18895
118,42.018916772499004,-87.6966484964575,60645,1755,26994
119,42.01805099968435,-87.70522401679536,60645,1711,26388
120,42.016550064379544,-87.68071216528548,60645,1717,19121
121,42.00577959700555,-87.69441660148175,60645,1687,18801
122,42.00996328884558,-87.68546056117749,60645,1637,18489
123,41.99808774407132,-87.69008843053287,60645,1553,18002
124,42.0184628087818,-87.68200521369893,60645,1764,19229
125,41.99900354108019,-87.7013828469682,60645,1782,19063
126,41.69358943246191,-87.678484279141,60643,1484,27126
127,41.68951651456815,-87.66382040425079,60643,1293,25732
128,41.69229857383244,-87.65921755811088,60643,1208,25251
129,41.70910321020552,-87.64650710007764,60643,1246,22850
130,41.68977554345602,-87.65240073857488,60643,1352,26130
131,41.71780625598612,-87.66290988434004,60643,1368,23951
132,41.71909295987154,-87.64436983828179,60643,1225,22588
133,41.70721584916405,-87.65633858615458,60643,1326,23668
134,41.708276605794865,-87.64556376793637,60643,1212,22752
135,41.677503817375225,-87.65624588208644,60643,1328,27286
136,41.710090028577575,-87.6595410752294,60643,1358,23853
137,41.68155321114965,-87.67534028831587,60643,1469,27275
138,41.996029697235144,-87.6741219872244,60660,1398,16565
139,41.98717571424757,-87.66153728004404,60660,1145,14782
140,41.988045243487306,-87.66538531074599,60660,1173,15139
141,41.98699786089908,-87.66755367931493,60660,1241,15660
142,41.99298468340499,-87.6573558999799,60660,1193,15105
143,41.996192077407635,-87.65736700937,60660,1212,15433
144,41.98727624145072,-87.67228793548419,60660,1285,15765
145,41.96964046483275,-87.65202688834299,60640,948,12407
146,41.961614582169005,-87.66904096570345,60640,1109,13077
147,41.97099311439202,-87.65070310273943,60640,916,12395
148,41.969855637100466,-87.66674746399272,60640,1158,13735
149,41.97657930947884,-87.66043267409005,60640,1069,13706
150,41.97827761729455,-87.65451562327662,60640,1009,13445
151,41.98126141692746,-87.65494224886395,60640,1055,14169
152,41.962800047600695,-87.63942796436116,60640,914,11868
153,41.92218469734597,-87.66729740525801,60614,855,9208
154,41.91361489287299,-87.63685784187639,60614,776,6492
155,41.92597534431685,-87.65848360335401,60614,1020,10254
156,41.92004792489286,-87.63969069471031,60614,891,8279
157,41.91496742946856,-87.65059215126239,60614,935,8331
158,41.93037269663972,-87.63598115173586,60614,710,7672
159,41.92829233640538,-87.66178975929147,60614,1045,10259
160,41.92694355716514,-87.6416933406632,60614,807,7875
161,41.922768626466784,-87.66690640890612,60614,894,9390
162,41.9212851086394,-87.63893381765025,60614,805,8030
163,41.92012678408724,-87.63444866333406,60614,713,6600
164,41.989101928386916,-87.79795724537438,60631,1286,21246
165,42.00004450756198,-87.76359519049491,60646,1196,20482
166,41.98458056118512,-87.74108574380692,60646,1206,20410
167,42.009374802177824,-87.77363669430201,60646,1395,23393
168,41.99574593776085,-87.75721738563695,60646,1136,19831
169,42.00058828571287,-87.78275362451835,60646,1400,22053
170,42.00388191850037,-87.76360711951666,60646,1293,20964
171,41.66871884579174,-87.6270087324356,60628,1710,26110
172,41.7043630833693,-87.61880289912247,60628,1223,22021
173,41.70963531870435,-87.6397850561525,60628,1204,22645
174,41.683044330334305,-87.62858717671125,60628,1692,25133
175,41.70311282515515,-87.61785163120733,60628,1244,22238
176,41.68427962994148,-87.62546762319445,60628,1507,24185
177,41.66983386815046,-87.59972840763442,60628,1579,31461
178,41.674257179224874,-87.59849327981249,60628,1347,27433
179,41.66175322053424,-87.5995092467211,60628,1750,33022
180,41.98239945373264,-87.69679198044476,60625,1632,18638
181,41.96550942822407,-87.70268037570067,60625,1419,14860
182,41.979763593475504,-87.6813097335981,60625,1427,15790
183,41.96786344734534,-87.69744775664535,60625,1648,14707
184,41.98172941907303,-87.69908654104631,60625,1686,18911
185,41.97210011187359,-87.69716363352397,60625,1645,16039
186,41.978193839686455,-87.69385338769851,60625,1625,16771
187,41.979492023071046,-87.70464614472753,60625,1643,22028
188,41.97739863922858,-87.70344407943672,60625,1752,17375
189,41.976567176998664,-87.69577372094082,60625,1611,16685
190,41.971310904882934,-87.68190683357837,60625,1556,15528
191,41.96296577890673,-87.72290030382948,60625,1320,17673
192,41.979792459982,-87.68014891227465,60625,1418,15716
193,41.949651216505465,-87.76282745173314,60641,1279,17045
194,41.957755319832124,-87.74062920140356,60641,1055,15209
195,41.940123151135296,-87.73770128897625,60641,1207,14204
196,41.947251079985364,-87.76095270193191,60641,1323,17160
197,41.956875084759474,-87.74524534443975,60641,1064,16225
198,41.95741282011156,-87.75373772036804,60641,1124,16603
199,41.95515948548054,-87.75146206423753,60641,1163,16768
200,41.934901604002484,-87.7341817299355,60641,1349,13644
201,41.93674205714089,-87.75073021148377,60641,1389,15368
202,41.956594248249935,-87.76650262237983,60641,1277,18841
203,41.93886334018878,-87.73804177919668,60641,1143,14110
204,41.93709639160752,-87.64035169993063,60657,822,9202
205,41.948199078984665,-87.64423097458199,60657,894,9825
206,41.93952411348102,-87.65549351556191,60657,1113,10338
207,41.93500575792122,-87.6703274827786,60657,1059,10391
208,41.93740702117301,-87.65692605771004,60657,1181,10688
209,41.94215806463638,-87.66796826950248,60657,1237,11328
210,41.945403585895825,-87.6632443347814,60657,1301,11616
211,41.94537960109526,-87.6495122987423,60657,1006,10143
212,41.935052001960585,-87.64199863675664,60657,871,8478
213,41.93655445448202,-87.67684435462488,60657,1034,10211
214,41.93533221487989,-87.6707750540488,60657,1058,10418
215,41.77420998144203,-87.65441784775511,60636,1189,16280
216,41.76240565083569,-87.65440865393505,60636,1301,17735
217,41.7718294381509,-87.65980524425149,60636,1234,16573
218,41.78972000941397,-87.66728117476049,60636,1217,15164
219,41.78291379564677,-87.66740718339648,60636,1280,15920
220,41.78643366920092,-87.65637036109689,60636,1140,14631
221,41.779064961077445,-87.65642889208081,60636,1178,15471
222,41.77205368972931,-87.6686848374243,60636,1322,17262
223,41.772521129417775,-87.67023841102842,60636,1353,17423
224,41.77861551282292,-87.67456552817175,60636,1388,16996
225,41.7644661607205,-87.66319387207855,60636,1348,18217
226,41.779950894116304,-87.65816052953718,60636,1287,15503
227,41.752093526079676,-87.56377041884073,60649,1434,16968
228,41.77337895405527,-87.57072893314414,60649,1098,14335
229,41.773650681421714,-87.57290172653585,60649,1074,14155
230,41.77352856898886,-87.58331546200893,60649,1107,14423
231,41.758809334162386,-87.56869085262467,60649,1380,16590
232,41.77171878825033,-87.57837110413564,60649,1118,14308
233,41.75232557669251,-87.57699600735057,60649,1416,16470
234,41.77928139772467,-87.57270564542986,60649,1125,14369
235,41.74715270100807,-87.57010238523746,60617,1525,17296
236,41.69334767557924,-87.58421638850713,60617,1388,26143
237,41.6813378381557,-87.57722996022002,60617,1508,28056
238,41.720490123664526,-87.53048326781843,60617,1416,24275
239,41.7311004007986,-87.56536315847758,60617,1253,22913
240,41.731901010612,-87.56557423283222,60617,1238,22869
241,41.71284825283661,-87.5364217670163,60617,1434,26788
242,41.717770744451435,-87.53371770396403,60617,1593,24961
243,41.71194543821447,-87.56867987430672,60617,1466,26613
244,41.74587320713205,-87.54596775746042,60617,1531,18389
245,41.744779845412,-87.58022371904099,60617,1436,21120
246,41.67681562059967,-87.53151596044425,60617,2084,35882
247,41.66728180146097,-87.57841512345416,60633,1756,29837
248,41.65230433757375,-87.53064523650428,60633,1837,34834
249,41.65975694623143,-87.54689876354098,60633,1725,32961
250,41.64549469670268,-87.55896159998204,60633,1623,33098
251,41.66454365880873,-87.56427066437956,60633,1787,33077
252,41.65046234739146,-87.58406798237125,60633,1531,31862
253,41.660493952090775,-87.57106439832175,60633,1531,31011
254,41.65046018103362,-87.5629021814784,60633,1753,33349
255,41.670698382178585,-87.56474716011418,60633,1900,30783
256,41.64962716502278,-87.57398458881748,60633,1569,31930
257,41.671199455373845,-87.59666309921607,60633,1365,27812
258,41.65973740532106,-87.5853770682708,60633,1488,29791
259,41.67308982827601,-87.53006012338543,60633,2045,35894
260,41.660336924491595,-87.64366427694401,60643,1557,30334
261,41.658177022035126,-87.64138191196423,60643,1574,30789
262,41.66196639737791,-87.64490484478254,60643,1569,30051
263,41.65949455389767,-87.64517414566419,60643,1608,30618
264,41.659970669880416,-87.64224871452453,60643,1595,30480
265,41.65879955899772,-87.64547642732289,60643,1566,30605
266,41.65845772440772,-87.64534057370997,60643,1596,30673
267,41.66011666998803,-87.6451810592679,60643,1583,30549
268,41.66118715143786,-87.64440418983183,60643,1529,30491
269,41.657762790107306,-87.64338323711749,60643,1626,30603
270,41.870491607895495,-87.67731229352553,60612,668,5382
271,41.894488783299266,-87.67937141320692,60612,882,7010
272,41.891711770239134,-87.70032289994515,60612,983,9179
273,41.89425807141211,-87.69969912281694,60612,937,8390
274,41.881085248166414,-87.66980712086503,60612,627,4649
275,41.88718981121585,-87.70121234349594,60612,798,8040
276,41.889646322438026,-87.70223878134311,60612,841,8378
277,41.88740351025859,-87.6954901514818,60612,774,7481
278,41.88919422575677,-87.68339583412867,60612,758,7217
279,41.894185297875076,-87.68961796312405,60612,841,7687
280,41.87075550742368,-87.66698594174144,60612,554,4579
281,41.891959832301445,-87.70513134556957,60612,905,8833
282,41.87539314618944,-87.6913160992167,60612,472,5787
283,41.877526018895736,-87.62838408105684,60604,96,381
284,41.877865361181875,-87.63319477290449,60604,150,675
285,41.87860598857521,-87.6219542575438,60604,188,710
286,41.88028121594414,-87.62284213862598,60604,300,925
287,41.87890141598118,-87.6332776815756,60604,182,797
288,41.87884728768451,-87.63364313655354,60604,182,797
289,41.87809203918654,-87.63189394153926,60604,129,563
290,41.87806115086146,-87.62479923123823,60604,166,572
291,41.87860100344447,-87.63243672445603,60604,158,651
292,41.882155911736255,-87.72777627982967,60624,831,9746
293,41.888299546296054,-87.73137701664379,60624,1127,12237
294,41.89327701770516,-87.72213667781165,60624,991,10516
295,41.872588541430574,-87.72696587740712,60624,672,8777
296,41.879136333308125,-87.7357283526048,60624,779,10178
297,41.87065964318998,-87.70848968612752,60624,649,7917
298,41.867619475477476,-87.7062650642728,60624,756,8584
299,41.86971304679778,-87.71246783694913,60624,664,7996
300,41.8862786857704,-87.73756596938307,60624,948,11561
301,41.87588771282835,-87.72000452721255,60624,689,8592
302,41.884024207031054,-87.70840758988722,60624,860,8216
303,41.88752816596207,-87.71122331600111,60624,806,8968
304,41.98109423676024,-87.8382347118842,60656,1295,24476
305,41.978125332757095,-87.8078087619055,60656,1307,22079
306,41.98098279071633,-87.79829139129905,60656,1208,20795
307,41.96951975726335,-87.78935072467935,60656,1296,20310
308,41.888732254189584,-87.7682374665431,60644,1189,14843
309,41.87171853296273,-87.75594246613691,60644,811,12773
310,41.87761261356575,-87.75691748654525,60644,879,11995
311,41.88476895917914,-87.76132829635907,60644,1086,13977
312,41.87149055606177,-87.75865918024319,60644,803,12548
313,41.8827024494682,-87.76464999134443,60644,968,13272
314,41.88386869702536,-87.75549379838702,60644,955,12534
315,41.892402690418834,-87.773813308361,60644,1183,15198
316,41.86886288065949,-87.76875305029141,60644,856,13340
317,41.87249930173399,-87.75518003971015,60644,760,11320
318,41.866772236530736,-87.76144229069781,60644,849,12500
319,41.87956661525704,-87.75918858539883,60644,927,12435
320,41.88582352823952,-87.76365321857794,60644,1015,13711
321,41.704265603823444,-87.69906012610954,60655,1776,27396
322,41.69384669582805,-87.69680766211862,60655,1643,28745
323,41.69031910671161,-87.68159070540352,60655,1538,27507
324,41.68900890049209,-87.71932487072293,60655,1872,30669
325,41.70333045586562,-87.68927309658682,60655,1714,28765
326,41.712788030940864,-87.68568645255168,60655,1597,25636
327,41.88105483708807,-87.62360305474606,60603,285,855
328,41.879058831220114,-87.61695965091998,60603,342,1605
329,41.88029754582071,-87.61942260491742,60603,281,1219
330,41.87960537573511,-87.6329360779533,60603,224,933
331,41.879904386907256,-87.62454620617457,60603,115,409
332,41.8810318108562,-87.62454216054975,60603,142,535
333,41.88096894517365,-87.62236076332493,60603,284,1218
334,41.880189462396324,-87.6311847392544,60603,181,715
335,41.881050592473116,-87.6291535069172,60603,269,1131
336,41.865533446566815,-87.62276727867926,60605,507,2384
337,41.868015093009966,-87.61518517331804,60605,590,3338
338,41.872095934504685,-87.61749599325589,60605,454,2671
339,41.87020023775343,-87.63061238502449,60605,530,2192
340,41.857776990220366,-87.60952188623719,60605,896,4587
341,41.86700110792478,-87.61306717375915,60605,589,3342
342,41.8711363395351,-87.6162934650268,60605,355,1914
343,41.819854120180274,-87.61232741658701,60653,878,9048
344,41.81355988213711,-87.59275435571844,60653,966,11716
345,41.81389971763126,-87.61328663097044,60653,951,10785
346,41.81216813903756,-87.59888270137428,60653,896,10432
347,41.82335491781979,-87.62140394184524,60653,771,9067
348,41.820960295438205,-87.62379410300669,60653,759,9120
349,41.820785583212206,-87.61157630401273,60653,857,8760
350,41.82817757868878,-87.60221072359775,60653,610,7036
351,41.818162334855494,-87.59972542360617,60653,782,8468
352,41.80384574733594,-87.67208946577955,60609,1301,13929
353,41.79531006485956,-87.64811266853692,60609,1014,13247
354,41.801053667281984,-87.63391489959422,60609,859,11133
355,41.79474961822409,-87.68019503833453,60609,1327,16133
356,41.82403283232944,-87.63609008311998,60609,781,8925
357,41.82268002409516,-87.64681185843548,60609,886,10047
358,41.81469232500567,-87.64156600578117,60609,825,10314
359,41.82975770633157,-87.65392943459801,60609,895,9617
360,41.815078823717926,-87.68019788655008,60609,1020,11167
361,41.808723589488395,-87.63840290073932,60609,818,10634
362,41.820845336958946,-87.66739439319764,60609,1023,11774
363,41.8252592537915,-87.68104595661946,60609,891,9769
364,41.799668135905634,-87.67291141252466,60609,1273,14445
365,41.988791628091334,-87.89602611600648,60666,1640,31403
366,41.979425957890854,-87.93745522133233,60666,0,0
367,41.98044122227969,-87.88896261336545,60666,1640,29286
368,41.96174029967934,-87.92060616439588,60666,1918,36800
369,41.99388563739844,-87.89606995710491,60666,1640,31403
370,41.99853406102417,-87.92538109681394,60666,0,0
371,41.987542406307355,-87.92965146077306,60666,0,0
372,41.95546913197838,-87.91242002052088,60666,1728,33857
373,41.99155439433696,-87.89529252320773,60666,1640,31403
374,41.94926998223547,-87.71829254964948,60618,1027,13303
375,41.94619320412367,-87.67914676361991,60618,1183,11110
376,41.933329537675654,-87.69920257537703,60618,829,10556
377,41.93864026480804,-87.69469895637029,60618,998,12000
378,41.94179996186492,-87.7050775846814,60618,912,11730
379,41.938829614614995,-87.70249263592943,60618,832,11219
380,41.93659246713317,-87.6876043678717,60618,937,10401
381,41.951818672053335,-87.70811615675771,60618,1071,12857
382,41.93878182093033,-87.684534327827,60618,1049,10860
383,41.93486204902592,-87.713169128288,60618,899,12516
384,41.943936621073235,-87.71280233263481,60618,820,12248
385,41.956625299823344,-87.72057357130743,60618,1183,14046
386,41.93359389378595,-87.70540480606871,60618,869,11335
387,41.839603670822484,-87.61968527996105,60616,750,7747
388,41.84059379397258,-87.6179343844159,60616,729,6810
389,41.84638986953089,-87.61104040562789,60616,595,7796
390,41.83974630369006,-87.62046362281646,60616,768,7806
391,41.856290250378784,-87.61580357901246,60616,476,3653
392,41.832704308496425,-87.63789862985844,60616,755,7984
393,41.85036500222218,-87.61904141693574,60616,629,7312
394,41.85460632947934,-87.61597924651096,60616,584,4088
395,41.837867674682386,-87.60671627906271,60616,655,5885
396,41.833320402991774,-87.60969617525959,60616,969,9447
397,41.88418751468096,-87.62566748462552,60602,289,945
398,41.88302708147543,-87.61803603205463,60602,305,1557
399,41.88315475425551,-87.63332456134641,60602,305,1236
400,41.88322498824279,-87.61698520170349,60602,309,1611
401,41.88304568463068,-87.62469518729316,60602,203,759
402,41.88319918026544,-87.62600585361713,60602,258,902
403,41.88360121137576,-87.62348938077645,60602,350,1024
404,41.88287282222788,-87.61759064052056,60602,305,1558
405,41.884733016936906,-87.63063992446851,60601,285,1205
406,41.88543460904584,-87.61660941390724,60601,583,2239
407,41.88543892555168,-87.62622420224261,60601,304,887
408,41.88792829967907,-87.61220153207938,60601,503,3260
409,41.887107393822404,-87.61749339069242,60601,485,1965
410,41.88504790028185,-87.6201448748272,60601,371,2224
411,41.885419166036925,-87.63001437253061,60601,393,1236
412,41.837226480601096,-87.68046907269479,60608,862,13012
413,41.86628096862197,-87.66825701970983,60608,627,4878
414,41.85013698409564,-87.65028252531224,60608,670,5140
415,41.83792248643671,-87.6506714528276,60608,884,8439
416,41.866754195165605,-87.66527897051965,60608,671,4550
417,41.84869395677309,-87.66972933171903,60608,984,7083
418,41.859251844033274,-87.69382691919385,60608,823,8196
419,41.85585467243203,-87.68374113009581,60608,846,7682
420,41.83236934671555,-87.66624419645038,60608,849,9518
421,41.86622771866549,-87.68024898526865,60608,613,5823
422,41.848059727958,-87.65880632358665,60608,804,6075
423,41.863397832192696,-87.66676158593017,60608,687,5182
424,41.864826334860986,-87.68536101326565,60608,685,6015
425,41.86834422932889,-87.65074538348837,60607,571,3539
426,41.869573965373995,-87.63946170056113,60607,482,2147
427,41.877286940874114,-87.66393381670777,60607,546,4216
428,41.86766757514949,-87.65001748330477,60607,585,3549
429,41.87020744987453,-87.65239013455256,60607,632,3814
430,41.8843571537211,-87.652916501498,60607,714,3056
431,41.879349531840845,-87.64104224215849,60661,360,1474
432,41.87811726011483,-87.64420010166349,60661,387,1585
433,41.878496432864786,-87.64434584437073,60661,429,1666
434,41.88017136835874,-87.63999783746883,60661,368,1535
435,41.88525018082647,-87.64604440129035,60661,374,3232
436,41.88343051060551,-87.64432293342578,60661,509,2169
437,41.88729885978624,-87.64547508904238,60661,472,3561
438,41.886299090450954,-87.64579568345731,60661,421,3416
439,41.88889623829131,-87.64504382090358,60661,528,3863
440,41.88577779889017,-87.64403682710781,60661,425,3453
441,41.88827674382594,-87.64005603533663,60661,567,2337
442,41.88737472080377,-87.64190215986524,60661,551,2367
443,41.8873224301879,-87.6379709120006,60606,711,2665
444,41.880475202534214,-87.63705298949226,60606,313,1250
445,41.8879429546297,-87.63730481368452,60606,684,2594
446,41.88417042351827,-87.63869721925577,60606,527,2253
447,41.886589569999565,-87.63686434456496,60606,468,1909
448,41.88695588439346,-87.63751705165575,60606,696,2622
449,41.88459342229132,-87.63487955395603,60606,452,1878
450,41.88255370650702,-87.63448812918213,60606,314,1275
451,41.88484672302441,-87.6354399461972,60606,431,1777
452,41.887689458982614,-87.63953533477965,60606,602,2345
453,41.65574235076101,-87.59466881492297,60827,1505,30859
454,41.65400269142684,-87.61123466879017,60827,1675,32471
455,41.64586683626146,-87.60096411789524,60827,1788,35732
456,41.656930556541894,-87.59096699394532,60827,1541,31079
457,41.647070579510945,-87.58809479780936,60827,1890,36236
458,41.65416999414254,-87.58642443807928,60827,1529,32307
459,41.657934965909156,-87.6042826183429,60827,1531,31194
460,41.65447326387092,-87.61689281724583,60827,1617,32508
461,41.6591416565456,-87.59298290786352,60827,1478,30739
462,41.65491849953229,-87.59865423829027,60827,1551,31008
463,41.64807515127794,-87.60840814442878,60827,1819,34448
464,41.65626008512291,-87.60591826298564,60827,1565,31374
465,41.64463704855231,-87.6040506061725,60827,1715,35794
466,41.96416803173933,-87.74587494494216,60630,954,15960
467,41.97461913965829,-87.73600858615644,60630,1154,18060
468,41.97562888069955,-87.74486530086529,60630,1171,18001
469,41.968462117117426,-87.775900892389,60630,1176,19302
470,41.982712349291724,-87.77480899460723,60630,1197,19408
471,41.970756543170104,-87.78541598294001,60630,1204,19965
472,41.969066085464654,-87.76168919946653,60630,1037,17158
473,41.96978625909377,-87.77465873993711,60630,1162,19054
474,41.97966852882536,-87.77709747450785,60630,1149,19385
475,41.96591809293148,-87.76611323309871,60630,1114,17670
476,41.96975385337386,-87.7637782722708,60630,1100,17380
477,41.97696290111385,-87.74766457000476,60630,940,17194
478,41.981887636766366,-87.75876083410472,60630,1236,18453
479,41.89097016936805,-87.659355852941,60642,722,5048
480,41.911921145564015,-87.66601357801665,60642,576,6766
481,41.91030524583307,-87.6605896039982,60642,743,6876
482,41.910311333745156,-87.65502642165143,60642,780,7544
483,41.91265434366295,-87.66371507545288,60642,691,7176
484,41.89303311809001,-87.65057862700395,60642,618,4338
485,41.8917300450714,-87.6637726646988,60642,735,6477
486,41.89896595174545,-87.65836454532884,60642,653,6396
487,41.89175626419155,-87.66018868111094,60642,768,5108
488,41.916456281464896,-87.66430476382293,60642,786,7824
489,41.98699639817733,-87.71258702139319,60659,1547,23240
490,41.989236306498164,-87.69395055418151,60659,1512,17628
491,41.98941714630627,-87.7231931895093,60659,1444,22579
492,41.99410042594504,-87.70359512551856,60659,1688,18714
493,41.99313536257133,-87.69852299204295,60659,1629,18343
494,41.98990714399033,-87.72426699010725,60659,1450,22667
495,41.996635557788885,-87.68455625632657,60659,1553,17531
496,41.98889638250525,-87.69104752058001,60659,1483,17417
497,41.99600338903846,-87.69035006188946,60659,1541,17816
498,41.991833880046,-87.70061803779511,60659,1581,18210
499,41.989903023215646,-87.72291663394763,60659,1443,22555
500,41.989575505366055,-87.68653849671571,60659,1376,16889
501,41.99706230309607,-87.69406136124258,60659,1636,18242
502,41.93637367647026,-87.80732444981342,60707,1830,22281
503,41.93761366267557,-87.81200587520458,60707,1902,22808
504,41.937781723853305,-87.81539913258574,60707,1930,23113
505,41.93523139018564,-87.8131147916945,60707,1871,22671
506,41.93525122433568,-87.81373778869602,60707,1874,22726
507,41.9354420808079,-87.80702716535711,60707,1826,22177
508,41.935070531443365,-87.81603392346969,60707,1893,22845
509,41.935298574757745,-87.81141820684437,60707,1845,22525
510,41.93786672559667,-87.81086503605665,60707,1861,22751
511,41.93453416033412,-87.8152332775499,60707,1874,22752
512,41.93622854307416,-87.80924335367916,60707,1829,22447
513,41.93546351918707,-87.8086335155876,60707,1826,22334
514,41.95811422155471,-87.85595310192507,60634,1755,30327
515,41.94078423090014,-87.79679583554098,60634,1674,24299
516,41.9390977902307,-87.78337328240032,60634,1676,18802
517,41.9416779504996,-87.82690288930759,60634,1793,29537
518,41.94561069300418,-87.8416869422188,60634,1848,26019
519,41.95929938598108,-87.76966002801655,60634,1272,17603
520,41.94319791851799,-87.8502997614726,60634,1675,30479
521,41.95499556254721,-87.83336415189126,60634,1601,27224
522,41.945019371263754,-87.83041461839271,60634,1660,28547
523,41.95749554027577,-87.85715194227261,60634,1539,28842
524,41.96140729536224,-87.67484673209768,60613,1201,13557
525,41.952446537995066,-87.64009536853959,60613,1018,11550
526,41.950747162785134,-87.65357525086243,60613,1030,11560
527,41.9565884140731,-87.64254394112668,60613,896,12071
528,41.95274889304414,-87.66669958802927,60613,1152,12403
529,41.948710668262706,-87.65764367290923,60613,1124,12139
530,41.96046598784293,-87.6777150331327,60613,1292,13886
531,41.954965813757525,-87.64826269116394,60613,856,10758
532,41.957154388107725,-87.64493364804362,60613,886,11931
533,41.94907539346825,-87.64738222194558,60613,984,11347
534,41.90572375278524,-87.6259712288476,60610,676,6165
535,41.901794113175825,-87.63794046559116,60610,829,3725
536,41.909597841724,-87.64178581055197,60610,867,6992
537,41.90827176796129,-87.64752250482145,60610,908,7512
538,41.90466438442041,-87.64191309025627,60610,868,7476
539,41.90273921560277,-87.63247309377937,60610,845,3582
540,41.9034952634377,-87.64346122037297,60610,813,7266
541,41.90699490621579,-87.63113080042676,60610,862,6728
542,41.89676093097647,-87.64725352260278,60610,692,4891
543,41.91065182587475,-87.63646469892257,60610,766,6469
544,41.89210978715508,-87.63859285353679,60654,682,2876
545,41.89168339127,-87.64762161448817,60654,568,4073
546,41.89503867090756,-87.64087403001848,60654,761,3186
547,41.8960423049556,-87.63110866833765,60654,563,2463
548,41.89593482508155,-87.63004234073178,60654,683,2748
549,41.894530159333826,-87.6378689738745,60654,701,2837
550,41.89414308682117,-87.63595998370282,60654,641,2634
551,41.88928434539476,-87.63825764907695,60654,600,2308
552,41.80436182032242,-87.72070184865807,60632,1120,14779
553,41.81885081070442,-87.72325869269578,60632,884,13030
554,41.82405104130319,-87.70207257498137,60632,847,11482
555,41.82350864015472,-87.73729474717305,60632,1205,14479
556,41.799827184207615,-87.71970317813583,60632,1289,14737
557,41.81462886432361,-87.6944846232554,60632,1093,13150
558,41.81897348338815,-87.71265043808809,60632,1157,12952
559,41.81984023357257,-87.6885803005422,60632,1113,11250
560,41.82003987764703,-87.72194582846917,60632,827,12802
561,41.840521829814,-87.72012714332266,60623,1094,13337
562,41.831307038556325,-87.70808782871424,60623,1078,12350
563,41.841653804314035,-87.7177624619482,60623,1175,11624
564,41.846235351225246,-87.71103074255842,60623,1084,11180
565,41.85571500627085,-87.71541069972652,60623,864,9810
566,41.86163449772114,-87.73461720228516,60623,774,10703
567,41.83706064387434,-87.72941198973488,60623,1059,14480
568,41.83884150156198,-87.73117640918792,60623,1177,13492
569,41.841349747142424,-87.69650360345686,60623,1149,10229
570,41.85730302527115,-87.7069250246302,60623,843,8731
571,41.85466279296835,-87.69839244794031,60623,881,8733
572,41.843772763113925,-87.73667450423302,60623,1093,12892
573,41.78401566256538,-87.70737911917026,60629,1600,16201
574,41.77582829347296,-87.7278134146556,60629,1647,18317
575,41.77439203411862,-87.68956307119241,60629,1642,18706
576,41.75897964080218,-87.72254838311707,60629,1806,20022
577,41.78794592162213,-87.68578149972309,60629,1380,16852
578,41.77482632665826,-87.72134193652418,60629,1536,17910
579,41.77108619057156,-87.72672662384416,60629,1635,18613
580,41.79014424744802,-87.6902789178336,60629,1483,14615
581,41.77084849480718,-87.71230440239206,60629,1715,19101
582,41.77808595418046,-87.72785822187846,60629,1603,18050
583,41.76693559316026,-87.6957452046592,60629,1727,20511
584,41.781594822146516,-87.69713031632084,60629,1667,19066
585,41.77245661423782,-87.68373463409854,60629,1508,18560
586,41.740602530834614,-87.64491264435335,60620,1255,19665
587,41.750493129857574,-87.63850248980977,60620,1063,17702
588,41.741377184236356,-87.66236660315332,60620,1441,20988
589,41.73411114793741,-87.62688974794077,60620,1170,18701
590,41.75243596738238,-87.66344444463334,60620,1380,19539
591,41.748669034801146,-87.67457904618969,60620,1557,20851
592,41.735028938276045,-87.63590823058158,60620,1180,19349
593,41.74258569205423,-87.67687221905048,60620,1590,22049
594,41.73962200136856,-87.63866251624161,60620,1156,18983
595,41.73612646976856,-87.65541356260398,60620,1350,20773
596,41.74124787615516,-87.63911496452452,60620,1109,18754
597,41.72371986024715,-87.68200485035403,60620,1703,24324
598,41.73265960326873,-87.68005625192752,60620,1692,23621
599,41.76979500005403,-87.61928535002077,60637,1128,16186
600,41.78575034512368,-87.62107991522676,60637,1007,14608
601,41.76826213768324,-87.60978922368442,60637,1186,16996
602,41.76822365655474,-87.6194110638883,60637,1030,15712
603,41.76614617201239,-87.60641517925127,60637,1142,16632
604,41.79113903682057,-87.6127322994378,60637,1016,13427
605,41.78856488147049,-87.5876699058653,60637,1048,12757
606,41.78588363878042,-87.60911352333417,60637,1105,14520
607,41.74822472332043,-87.60044025129247,60619,1320,19834
608,41.75369155613917,-87.59086730601182,60619,916,17760
609,41.74208818411239,-87.59637105104079,60619,1346,19972
610,41.75160186219461,-87.61225932265435,60619,1092,17613
611,41.72600227076545,-87.61429005995907,60619,1176,21040
612,41.73898977856406,-87.6094385862654,60619,1182,19106
613,41.74459077049547,-87.6241492775829,60619,990,17684
614,41.751230491447274,-87.59907887448874,60619,1211,18669
615,41.72217393889999,-87.60298021233783,60619,1249,21539
616,41.75633730746587,-87.6169372197749,60619,985,16588
617,41.74850878989733,-87.62302107163018,60619,1023,18024
